
insert into `points` (`id`, `tsid`, `balance`, `create_time`, `update_time`) values (1, 'pt-576023809841191373', 5000, '2024-01-01 00:00:00', '2024-01-01 00:00:00');
insert into `points` (`id`, `tsid`, `balance`, `create_time`, `update_time`) values (2, 'pt-576023809841191374', 2000, '2024-01-02 00:00:00', '2024-01-02 00:00:00');
insert into `points` (`id`, `tsid`, `balance`, `create_time`, `update_time`) values (3, 'pt-576023809841191375', 1000, '2024-01-03 00:00:00', '2024-01-03 00:00:00');
insert into `points` (`id`, `tsid`, `balance`, `create_time`, `update_time`) values (4, 'pt-576023809841191376', 90000, '2024-01-04 00:00:00', '2024-01-04 00:00:00');
insert into `points` (`id`, `tsid`, `balance`, `create_time`, `update_time`) values (5, 'pt-576023809841191377', 3000, '2024-01-05 00:00:00', '2024-01-05 00:00:00');


insert into `users` (`id`, `tsid`, `point_id`) values (1, 'usr-576023809841191373', 1);
insert into `users` (`id`, `tsid`, `point_id`) values (2, 'usr-576023809841191374', 2);
insert into `users` (`id`, `tsid`, `point_id`) values (3, 'usr-576023809841191375', 3);
insert into `users` (`id`, `tsid`, `point_id`) values (4, 'usr-576023809841191376', 4);
insert into `users` (`id`, `tsid`, `point_id`) values (5, 'usr-576023809841191377', 5);


insert into `concerts` (`id`, `tsid`, `date`) values (1, 'ct-576023809841391361', '2024-05-05');
insert into `seats` (`id`, `tsid`, `number`, `price`, `status`, `concert_id`) values (1, 'st-576023809841291371', 'A1', 100, 'AVAILABLE', 1);
insert into `seats` (`id`, `tsid`, `number`, `price`, `status`, `concert_id`) values (2, 'st-576023809841291372', 'A2', 100, 'AVAILABLE', 1);
insert into `seats` (`id`, `tsid`, `number`, `price`, `status`, `concert_id`) values (3, 'st-576023809841291373', 'A3', 100, 'AVAILABLE', 1);
insert into `seats` (`id`, `tsid`, `number`, `price`, `status`, `concert_id`) values (4, 'st-576023809841291374', 'A4', 100, 'AVAILABLE', 1);
insert into `seats` (`id`, `tsid`, `number`, `price`, `status`, `concert_id`) values (5, 'st-576023809841291375', 'A5', 100, 'AVAILABLE', 1);
insert into `seats` (`id`, `tsid`, `number`, `price`, `status`, `concert_id`) values (6, 'st-576023809841291376', 'A6', 100, 'RESERVED', 1);
insert into `seats` (`id`, `tsid`, `number`, `price`, `status`, `concert_id`) values (7, 'st-576023809841291377', 'A7', 100, 'AVAILABLE', 1);
insert into `seats` (`id`, `tsid`, `number`, `price`, `status`, `concert_id`) values (8, 'st-576023809841291378', 'A8', 100, 'AVAILABLE', 1);
insert into `seats` (`id`, `tsid`, `number`, `price`, `status`, `concert_id`) values (9, 'st-576023809841291379', 'A9', 100, 'AVAILABLE', 1);
insert into `seats` (`id`, `tsid`, `number`, `price`, `status`, `concert_id`) values (10, 'st-576023809841291380', 'A10', 100, 'AVAILABLE', 1);

insert into `seats` (`id`, `tsid`, `number`, `price`, `status`, `concert_id`) values (11, 'st-576023809841291381', 'B1', 100, 'AVAILABLE', 1);
insert into `seats` (`id`, `tsid`, `number`, `price`, `status`, `concert_id`) values (12, 'st-576023809841291382', 'B2', 100, 'AVAILABLE', 1);
insert into `seats` (`id`, `tsid`, `number`, `price`, `status`, `concert_id`) values (13, 'st-576023809841291383', 'B3', 100, 'AVAILABLE', 1);
insert into `seats` (`id`, `tsid`, `number`, `price`, `status`, `concert_id`) values (14, 'st-576023809841291384', 'B4', 100, 'AVAILABLE', 1);
insert into `seats` (`id`, `tsid`, `number`, `price`, `status`, `concert_id`) values (15, 'st-576023809841291385', 'B5', 100, 'AVAILABLE', 1);
insert into `seats` (`id`, `tsid`, `number`, `price`, `status`, `concert_id`) values (16, 'st-576023809841291386', 'B6', 100, 'AVAILABLE', 1);
insert into `seats` (`id`, `tsid`, `number`, `price`, `status`, `concert_id`) values (17, 'st-576023809841291387', 'B7', 100, 'RESERVED', 1);
insert into `seats` (`id`, `tsid`, `number`, `price`, `status`, `concert_id`) values (18, 'st-576023809841291388', 'B8', 100, 'AVAILABLE', 1);
insert into `seats` (`id`, `tsid`, `number`, `price`, `status`, `concert_id`) values (19, 'st-576023809841291389', 'B9', 100, 'AVAILABLE', 1);
insert into `seats` (`id`, `tsid`, `number`, `price`, `status`, `concert_id`) values (20, 'st-576023809841291390', 'B10', 100, 'AVAILABLE', 1);

insert into `seats` (`id`, `tsid`, `number`, `price`, `status`, `concert_id`) values (21, 'st-576023809841291391', 'C1', 100, 'AVAILABLE', 1);
insert into `seats` (`id`, `tsid`, `number`, `price`, `status`, `concert_id`) values (22, 'st-576023809841291392', 'C2', 100, 'RESERVED', 1);
insert into `seats` (`id`, `tsid`, `number`, `price`, `status`, `concert_id`) values (23, 'st-576023809841291393', 'C3', 100, 'AVAILABLE', 1);
insert into `seats` (`id`, `tsid`, `number`, `price`, `status`, `concert_id`) values (24, 'st-576023809841291394', 'C4', 100, 'AVAILABLE', 1);
insert into `seats` (`id`, `tsid`, `number`, `price`, `status`, `concert_id`) values (25, 'st-576023809841291395', 'C5', 100, 'AVAILABLE', 1);
insert into `seats` (`id`, `tsid`, `number`, `price`, `status`, `concert_id`) values (26, 'st-576023809841291396', 'C6', 100, 'AVAILABLE', 1);
insert into `seats` (`id`, `tsid`, `number`, `price`, `status`, `concert_id`) values (27, 'st-576023809841291397', 'C7', 100, 'AVAILABLE', 1);
insert into `seats` (`id`, `tsid`, `number`, `price`, `status`, `concert_id`) values (28, 'st-576023809841291398', 'C8', 100, 'AVAILABLE', 1);
insert into `seats` (`id`, `tsid`, `number`, `price`, `status`, `concert_id`) values (29, 'st-576023809841291399', 'C9', 100, 'AVAILABLE', 1);
insert into `seats` (`id`, `tsid`, `number`, `price`, `status`, `concert_id`) values (30, 'st-576023809841291400', 'C10', 100, 'AVAILABLE', 1);

insert into `concerts` (`id`, `tsid`, `date`) values (2, 'ct-576023809841391351', '2024-05-04');
insert into `seats` (`id`, `tsid`, `number`, `price`, `status`, `concert_id`) values (31, 'st-576023809841191371', 'A1', 100, 'AVAILABLE', 2);
insert into `seats` (`id`, `tsid`, `number`, `price`, `status`, `concert_id`) values (32, 'st-576023809841191372', 'A2', 100, 'AVAILABLE', 2);
insert into `seats` (`id`, `tsid`, `number`, `price`, `status`, `concert_id`) values (33, 'st-576023809841191373', 'A3', 100, 'AVAILABLE', 2);
insert into `seats` (`id`, `tsid`, `number`, `price`, `status`, `concert_id`) values (34, 'st-576023809841191374', 'A4', 100, 'AVAILABLE', 2);
insert into `seats` (`id`, `tsid`, `number`, `price`, `status`, `concert_id`) values (35, 'st-576023809841191375', 'A5', 100, 'AVAILABLE', 2);
insert into `seats` (`id`, `tsid`, `number`, `price`, `status`, `concert_id`) values (36, 'st-576023809841191376', 'A6', 100, 'AVAILABLE', 2);
insert into `seats` (`id`, `tsid`, `number`, `price`, `status`, `concert_id`) values (37, 'st-576023809841191377', 'A7', 100, 'AVAILABLE', 2);
insert into `seats` (`id`, `tsid`, `number`, `price`, `status`, `concert_id`) values (38, 'st-576023809841191378', 'A8', 100, 'AVAILABLE', 2);
insert into `seats` (`id`, `tsid`, `number`, `price`, `status`, `concert_id`) values (39, 'st-576023809841191379', 'A9', 100, 'AVAILABLE', 2);
insert into `seats` (`id`, `tsid`, `number`, `price`, `status`, `concert_id`) values (40, 'st-576023809841191380', 'A10', 100, 'AVAILABLE', 2);

insert into `seats` (`id`, `tsid`, `number`, `price`, `status`, `concert_id`) values (41, 'st-576023809841191381', 'B1', 100, 'AVAILABLE', 2);
insert into `seats` (`id`, `tsid`, `number`, `price`, `status`, `concert_id`) values (42, 'st-576023809841191382', 'B2', 100, 'AVAILABLE', 2);
insert into `seats` (`id`, `tsid`, `number`, `price`, `status`, `concert_id`) values (43, 'st-576023809841191383', 'B3', 100, 'AVAILABLE', 2);
insert into `seats` (`id`, `tsid`, `number`, `price`, `status`, `concert_id`) values (44, 'st-576023809841191384', 'B4', 100, 'AVAILABLE', 2);
insert into `seats` (`id`, `tsid`, `number`, `price`, `status`, `concert_id`) values (45, 'st-576023809841191385', 'B5', 100, 'AVAILABLE', 2);
insert into `seats` (`id`, `tsid`, `number`, `price`, `status`, `concert_id`) values (46, 'st-576023809841191386', 'B6', 100, 'AVAILABLE', 2);
insert into `seats` (`id`, `tsid`, `number`, `price`, `status`, `concert_id`) values (47, 'st-576023809841191387', 'B7', 100, 'AVAILABLE', 2);
insert into `seats` (`id`, `tsid`, `number`, `price`, `status`, `concert_id`) values (48, 'st-576023809841191388', 'B8', 100, 'AVAILABLE', 2);
insert into `seats` (`id`, `tsid`, `number`, `price`, `status`, `concert_id`) values (49, 'st-576023809841191389', 'B9', 100, 'AVAILABLE', 2);
insert into `seats` (`id`, `tsid`, `number`, `price`, `status`, `concert_id`) values (50, 'st-576023809841191390', 'B10', 100, 'AVAILABLE', 2);

insert into `seats` (`id`, `tsid`, `number`, `price`, `status`, `concert_id`) values (51, 'st-576023809841191391', 'C1', 100, 'AVAILABLE', 2);
insert into `seats` (`id`, `tsid`, `number`, `price`, `status`, `concert_id`) values (52, 'st-576023809841191392', 'C2', 100, 'AVAILABLE', 2);
insert into `seats` (`id`, `tsid`, `number`, `price`, `status`, `concert_id`) values (53, 'st-576023809841191393', 'C3', 100, 'AVAILABLE', 2);
insert into `seats` (`id`, `tsid`, `number`, `price`, `status`, `concert_id`) values (54, 'st-576023809841191394', 'C4', 100, 'AVAILABLE', 2);
insert into `seats` (`id`, `tsid`, `number`, `price`, `status`, `concert_id`) values (55, 'st-576023809841191395', 'C5', 100, 'AVAILABLE', 2);
insert into `seats` (`id`, `tsid`, `number`, `price`, `status`, `concert_id`) values (56, 'st-576023809841191396', 'C6', 100, 'AVAILABLE', 2);
insert into `seats` (`id`, `tsid`, `number`, `price`, `status`, `concert_id`) values (57, 'st-576023809841191397', 'C7', 100, 'AVAILABLE', 2);
insert into `seats` (`id`, `tsid`, `number`, `price`, `status`, `concert_id`) values (58, 'st-576023809841191398', 'C8', 100, 'AVAILABLE', 2);
insert into `seats` (`id`, `tsid`, `number`, `price`, `status`, `concert_id`) values (59, 'st-576023809841191399', 'C9', 100, 'AVAILABLE', 2);
insert into `seats` (`id`, `tsid`, `number`, `price`, `status`, `concert_id`) values (60, 'st-576023809841191400', 'C10', 100, 'AVAILABLE', 2);

insert into `concerts` (`id`, `tsid`, `date`) values (3, 'ct-576023809841391371', '2024-05-06');
insert into `seats` (`id`, `tsid`, `number`, `price`, `status`, `concert_id`) values (61, 'st-576023809843391371', 'A1', 100, 'AVAILABLE', 3);
insert into `seats` (`id`, `tsid`, `number`, `price`, `status`, `concert_id`) values (62, 'st-576023809841391372', 'A2', 100, 'AVAILABLE', 3);
insert into `seats` (`id`, `tsid`, `number`, `price`, `status`, `concert_id`) values (63, 'st-576023809841391373', 'A3', 100, 'AVAILABLE', 3);
insert into `seats` (`id`, `tsid`, `number`, `price`, `status`, `concert_id`) values (64, 'st-576023809841391374', 'A4', 100, 'AVAILABLE', 3);
insert into `seats` (`id`, `tsid`, `number`, `price`, `status`, `concert_id`) values (65, 'st-576023809841391375', 'A5', 100, 'AVAILABLE', 3);
insert into `seats` (`id`, `tsid`, `number`, `price`, `status`, `concert_id`) values (66, 'st-576023809841391376', 'A6', 100, 'RESERVED', 3);
insert into `seats` (`id`, `tsid`, `number`, `price`, `status`, `concert_id`) values (67, 'st-576023809841391377', 'A7', 100, 'AVAILABLE', 3);
insert into `seats` (`id`, `tsid`, `number`, `price`, `status`, `concert_id`) values (68, 'st-576023809841391378', 'A8', 100, 'AVAILABLE', 3);
insert into `seats` (`id`, `tsid`, `number`, `price`, `status`, `concert_id`) values (69, 'st-576023809841391379', 'A9', 100, 'AVAILABLE', 3);
insert into `seats` (`id`, `tsid`, `number`, `price`, `status`, `concert_id`) values (70, 'st-576023809841391380', 'A10', 100, 'AVAILABLE', 3);

insert into `seats` (`id`, `tsid`, `number`, `price`, `status`, `concert_id`) values (71, 'st-576023809841391381', 'B1', 100, 'AVAILABLE', 3);
insert into `seats` (`id`, `tsid`, `number`, `price`, `status`, `concert_id`) values (72, 'st-576023809841391382', 'B2', 100, 'AVAILABLE', 3);
insert into `seats` (`id`, `tsid`, `number`, `price`, `status`, `concert_id`) values (73, 'st-576023809841391383', 'B3', 100, 'AVAILABLE', 3);
insert into `seats` (`id`, `tsid`, `number`, `price`, `status`, `concert_id`) values (74, 'st-576023809841391384', 'B4', 100, 'AVAILABLE', 3);
insert into `seats` (`id`, `tsid`, `number`, `price`, `status`, `concert_id`) values (75, 'st-576023809841391385', 'B5', 100, 'AVAILABLE', 3);
insert into `seats` (`id`, `tsid`, `number`, `price`, `status`, `concert_id`) values (76, 'st-576023809841391386', 'B6', 100, 'AVAILABLE', 3);
insert into `seats` (`id`, `tsid`, `number`, `price`, `status`, `concert_id`) values (77, 'st-576023809841391387', 'B7', 100, 'RESERVED', 3);
insert into `seats` (`id`, `tsid`, `number`, `price`, `status`, `concert_id`) values (78, 'st-576023809841391388', 'B8', 100, 'AVAILABLE', 3);
insert into `seats` (`id`, `tsid`, `number`, `price`, `status`, `concert_id`) values (79, 'st-576023809841391389', 'B9', 100, 'AVAILABLE', 3);
insert into `seats` (`id`, `tsid`, `number`, `price`, `status`, `concert_id`) values (80, 'st-576023809841391390', 'B10', 100, 'AVAILABLE', 3);

insert into `seats` (`id`, `tsid`, `number`, `price`, `status`, `concert_id`) values (81, 'st-576023809841391391', 'C1', 100, 'AVAILABLE', 3);
insert into `seats` (`id`, `tsid`, `number`, `price`, `status`, `concert_id`) values (82, 'st-576023809841391392', 'C2', 100, 'RESERVED', 3);
insert into `seats` (`id`, `tsid`, `number`, `price`, `status`, `concert_id`) values (83, 'st-576023809841391393', 'C3', 100, 'AVAILABLE', 3);
insert into `seats` (`id`, `tsid`, `number`, `price`, `status`, `concert_id`) values (84, 'st-576023809841391394', 'C4', 100, 'AVAILABLE', 3);
insert into `seats` (`id`, `tsid`, `number`, `price`, `status`, `concert_id`) values (85, 'st-576023809841391395', 'C5', 100, 'AVAILABLE', 3);
insert into `seats` (`id`, `tsid`, `number`, `price`, `status`, `concert_id`) values (86, 'st-576023809841391396', 'C6', 100, 'AVAILABLE', 3);
insert into `seats` (`id`, `tsid`, `number`, `price`, `status`, `concert_id`) values (87, 'st-576023809841391397', 'C7', 100, 'AVAILABLE', 3);
insert into `seats` (`id`, `tsid`, `number`, `price`, `status`, `concert_id`) values (88, 'st-576023809841391398', 'C8', 100, 'AVAILABLE', 3);
insert into `seats` (`id`, `tsid`, `number`, `price`, `status`, `concert_id`) values (89, 'st-576023809841391399', 'C9', 100, 'AVAILABLE', 3);
insert into `seats` (`id`, `tsid`, `number`, `price`, `status`, `concert_id`) values (90, 'st-576023809841391400', 'C10', 100, 'AVAILABLE', 3);