
insert into `points` (`id`, `balance`, `create_time`, `update_time`) values (1, 5000, '2024-01-01 00:00:00', '2024-01-01 00:00:00');
insert into `points` (`id`, `balance`, `create_time`, `update_time`) values (2, 2000, '2024-01-02 00:00:00', '2024-01-02 00:00:00');
insert into `points` (`id`, `balance`, `create_time`, `update_time`) values (3, 1000, '2024-01-03 00:00:00', '2024-01-03 00:00:00');
insert into `points` (`id`, `balance`, `create_time`, `update_time`) values (4, 90000, '2024-01-04 00:00:00', '2024-01-04 00:00:00');
insert into `points` (`id`, `balance`, `create_time`, `update_time`) values (5, 3000, '2024-01-05 00:00:00', '2024-01-05 00:00:00');


insert into `users` (`id`, `point_id`) values (1, 1);
insert into `users` (`id`, `point_id`) values (2, 2);
insert into `users` (`id`, `point_id`) values (3, 3);
insert into `users` (`id`, `point_id`) values (4, 4);
insert into `users` (`id`, `point_id`) values (5, 5);


insert into `concerts` (`id`, `date`) values (1, '2024-05-05');
insert into `seats` (`id`, `number`, `price`, `status`, `concert_id`, `concert_date`) values (1,  'A1', 100, 'AVAILABLE', 1, '2024-05-05');
insert into `seats` (`id`, `number`, `price`, `status`, `concert_id`, `concert_date`) values (2,  'A2', 100, 'AVAILABLE', 1, '2024-05-05');
insert into `seats` (`id`, `number`, `price`, `status`, `concert_id`, `concert_date`) values (3,  'A3', 100, 'AVAILABLE', 1, '2024-05-05');
insert into `seats` (`id`, `number`, `price`, `status`, `concert_id`, `concert_date`) values (4,  'A4', 100, 'AVAILABLE', 1, '2024-05-05');
insert into `seats` (`id`, `number`, `price`, `status`, `concert_id`, `concert_date`) values (5,  'A5', 100, 'AVAILABLE', 1, '2024-05-05');
insert into `seats` (`id`, `number`, `price`, `status`, `concert_id`, `concert_date`) values (6,  'A6', 100, 'RESERVED', 1, '2024-05-05');
insert into `seats` (`id`, `number`, `price`, `status`, `concert_id`, `concert_date`) values (7,  'A7', 100, 'AVAILABLE', 1, '2024-05-05');
insert into `seats` (`id`, `number`, `price`, `status`, `concert_id`, `concert_date`) values (8,  'A8', 100, 'AVAILABLE', 1, '2024-05-05');
insert into `seats` (`id`, `number`, `price`, `status`, `concert_id`, `concert_date`) values (9,  'A9', 100, 'AVAILABLE', 1, '2024-05-05');
insert into `seats` (`id`, `number`, `price`, `status`, `concert_id`, `concert_date`) values (10, 'A10' , 100, 'AVAILABLE', 1, '2024-05-05');

insert into `seats` (`id`, `number`, `price`, `status`, `concert_id`, `concert_date`) values (11,  'B1', 100, 'AVAILABLE', 1, '2024-05-05');
insert into `seats` (`id`, `number`, `price`, `status`, `concert_id`, `concert_date`) values (12,  'B2', 100, 'AVAILABLE', 1, '2024-05-05');
insert into `seats` (`id`, `number`, `price`, `status`, `concert_id`, `concert_date`) values (13,  'B3', 100, 'AVAILABLE', 1, '2024-05-05');
insert into `seats` (`id`, `number`, `price`, `status`, `concert_id`, `concert_date`) values (14,  'B4', 100, 'AVAILABLE', 1, '2024-05-05');
insert into `seats` (`id`, `number`, `price`, `status`, `concert_id`, `concert_date`) values (15,  'B5', 100, 'AVAILABLE', 1, '2024-05-05');
insert into `seats` (`id`, `number`, `price`, `status`, `concert_id`, `concert_date`) values (16,  'B6', 100, 'AVAILABLE', 1, '2024-05-05');
insert into `seats` (`id`, `number`, `price`, `status`, `concert_id`, `concert_date`) values (17,  'B7', 100, 'RESERVED', 1, '2024-05-05');
insert into `seats` (`id`, `number`, `price`, `status`, `concert_id`, `concert_date`) values (18,  'B8', 100, 'AVAILABLE', 1, '2024-05-05');
insert into `seats` (`id`, `number`, `price`, `status`, `concert_id`, `concert_date`) values (19,  'B9', 100, 'AVAILABLE', 1, '2024-05-05');
insert into `seats` (`id`, `number`, `price`, `status`, `concert_id`, `concert_date`) values (20,  'B10', 100, 'AVAILABLE', 1, '2024-05-05');

insert into `seats` (`id`, `number`, `price`, `status`, `concert_id`, `concert_date`) values (21,  'C1', 100, 'AVAILABLE', 1, '2024-05-05');
insert into `seats` (`id`, `number`, `price`, `status`, `concert_id`, `concert_date`) values (22,  'C2', 100, 'RESERVED', 1, '2024-05-05');
insert into `seats` (`id`, `number`, `price`, `status`, `concert_id`, `concert_date`) values (23,  'C3', 100, 'AVAILABLE', 1, '2024-05-05');
insert into `seats` (`id`, `number`, `price`, `status`, `concert_id`, `concert_date`) values (24,  'C4', 100, 'AVAILABLE', 1, '2024-05-05');
insert into `seats` (`id`, `number`, `price`, `status`, `concert_id`, `concert_date`) values (25,  'C5', 100, 'AVAILABLE', 1, '2024-05-05');
insert into `seats` (`id`, `number`, `price`, `status`, `concert_id`, `concert_date`) values (26,  'C6', 100, 'AVAILABLE', 1, '2024-05-05');
insert into `seats` (`id`, `number`, `price`, `status`, `concert_id`, `concert_date`) values (27,  'C7', 100, 'AVAILABLE', 1, '2024-05-05');
insert into `seats` (`id`, `number`, `price`, `status`, `concert_id`, `concert_date`) values (28,  'C8', 100, 'AVAILABLE', 1, '2024-05-05');
insert into `seats` (`id`, `number`, `price`, `status`, `concert_id`, `concert_date`) values (29,  'C9', 100, 'AVAILABLE', 1, '2024-05-05');
insert into `seats` (`id`, `number`, `price`, `status`, `concert_id`, `concert_date`) values (30,  'C10', 100, 'AVAILABLE', 1, '2024-05-05');

insert into `concerts` (`id`, `date`) values (2, '2024-05-04');
insert into `seats` (`id`, `number`, `price`, `status`, `concert_id`, `concert_date`) values (31, 'A1', 100, 'AVAILABLE', 2, '2024-05-04');
insert into `seats` (`id`, `number`, `price`, `status`, `concert_id`, `concert_date`) values (32, 'A2', 100, 'AVAILABLE', 2, '2024-05-04');
insert into `seats` (`id`, `number`, `price`, `status`, `concert_id`, `concert_date`) values (33, 'A3', 100, 'AVAILABLE', 2, '2024-05-04');
insert into `seats` (`id`, `number`, `price`, `status`, `concert_id`, `concert_date`) values (34, 'A4', 100, 'AVAILABLE', 2, '2024-05-04');
insert into `seats` (`id`, `number`, `price`, `status`, `concert_id`, `concert_date`) values (35, 'A5', 100, 'AVAILABLE', 2, '2024-05-04');
insert into `seats` (`id`, `number`, `price`, `status`, `concert_id`, `concert_date`) values (36, 'A6', 100, 'AVAILABLE', 2, '2024-05-04');
insert into `seats` (`id`, `number`, `price`, `status`, `concert_id`, `concert_date`) values (37, 'A7', 100, 'AVAILABLE', 2, '2024-05-04');
insert into `seats` (`id`, `number`, `price`, `status`, `concert_id`, `concert_date`) values (38, 'A8', 100, 'AVAILABLE', 2, '2024-05-04');
insert into `seats` (`id`, `number`, `price`, `status`, `concert_id`, `concert_date`) values (39, 'A9', 100, 'AVAILABLE', 2, '2024-05-04');
insert into `seats` (`id`, `number`, `price`, `status`, `concert_id`, `concert_date`) values (40, 'A10', 100, 'AVAILABLE', 2, '2024-05-04');

insert into `seats` (`id`, `number`, `price`, `status`, `concert_id`, `concert_date`) values (41, 'B1', 100, 'AVAILABLE', 2, '2024-05-04');
insert into `seats` (`id`, `number`, `price`, `status`, `concert_id`, `concert_date`) values (42, 'B2', 100, 'AVAILABLE', 2, '2024-05-04');
insert into `seats` (`id`, `number`, `price`, `status`, `concert_id`, `concert_date`) values (43, 'B3', 100, 'AVAILABLE', 2, '2024-05-04');
insert into `seats` (`id`, `number`, `price`, `status`, `concert_id`, `concert_date`) values (44, 'B4', 100, 'AVAILABLE', 2, '2024-05-04');
insert into `seats` (`id`, `number`, `price`, `status`, `concert_id`, `concert_date`) values (45, 'B5', 100, 'AVAILABLE', 2, '2024-05-04');
insert into `seats` (`id`, `number`, `price`, `status`, `concert_id`, `concert_date`) values (46, 'B6', 100, 'AVAILABLE', 2, '2024-05-04');
insert into `seats` (`id`, `number`, `price`, `status`, `concert_id`, `concert_date`) values (47, 'B7', 100, 'AVAILABLE', 2, '2024-05-04');
insert into `seats` (`id`, `number`, `price`, `status`, `concert_id`, `concert_date`) values (48, 'B8', 100, 'AVAILABLE', 2, '2024-05-04');
insert into `seats` (`id`, `number`, `price`, `status`, `concert_id`, `concert_date`) values (49, 'B9', 100, 'AVAILABLE', 2, '2024-05-04');
insert into `seats` (`id`, `number`, `price`, `status`, `concert_id`, `concert_date`) values (50, 'B10', 100, 'AVAILABLE', 2, '2024-05-04');

insert into `seats` (`id`, `number`, `price`, `status`, `concert_id`, `concert_date`) values (51, 'C1', 100, 'AVAILABLE', 2, '2024-05-04');
insert into `seats` (`id`, `number`, `price`, `status`, `concert_id`, `concert_date`) values (52, 'C2', 100, 'AVAILABLE', 2, '2024-05-04');
insert into `seats` (`id`, `number`, `price`, `status`, `concert_id`, `concert_date`) values (53, 'C3', 100, 'AVAILABLE', 2, '2024-05-04');
insert into `seats` (`id`, `number`, `price`, `status`, `concert_id`, `concert_date`) values (54, 'C4', 100, 'AVAILABLE', 2, '2024-05-04');
insert into `seats` (`id`, `number`, `price`, `status`, `concert_id`, `concert_date`) values (55, 'C5', 100, 'AVAILABLE', 2, '2024-05-04');
insert into `seats` (`id`, `number`, `price`, `status`, `concert_id`, `concert_date`) values (56, 'C6', 100, 'AVAILABLE', 2, '2024-05-04');
insert into `seats` (`id`, `number`, `price`, `status`, `concert_id`, `concert_date`) values (57, 'C7', 100, 'AVAILABLE', 2, '2024-05-04');
insert into `seats` (`id`, `number`, `price`, `status`, `concert_id`, `concert_date`) values (58, 'C8', 100, 'AVAILABLE', 2, '2024-05-04');
insert into `seats` (`id`, `number`, `price`, `status`, `concert_id`, `concert_date`) values (59, 'C9', 100, 'AVAILABLE', 2, '2024-05-04');
insert into `seats` (`id`, `number`, `price`, `status`, `concert_id`, `concert_date`) values (60, 'C10', 100, 'AVAILABLE', 2, '2024-05-04');

insert into `concerts` (`id`, `date`) values (3, '2024-05-06');
insert into `seats` (`id`, `number`, `price`, `status`, `concert_id`, `concert_date`) values (61, 'A1', 100, 'AVAILABLE', 3, '2024-05-06');
insert into `seats` (`id`, `number`, `price`, `status`, `concert_id`, `concert_date`) values (62, 'A2', 100, 'AVAILABLE', 3, '2024-05-06');
insert into `seats` (`id`, `number`, `price`, `status`, `concert_id`, `concert_date`) values (63, 'A3', 100, 'AVAILABLE', 3, '2024-05-06');
insert into `seats` (`id`, `number`, `price`, `status`, `concert_id`, `concert_date`) values (64, 'A4', 100, 'AVAILABLE', 3, '2024-05-06');
insert into `seats` (`id`, `number`, `price`, `status`, `concert_id`, `concert_date`) values (65, 'A5', 100, 'AVAILABLE', 3, '2024-05-06');
insert into `seats` (`id`, `number`, `price`, `status`, `concert_id`, `concert_date`) values (66, 'A6', 100, 'RESERVED', 3, '2024-05-06');
insert into `seats` (`id`, `number`, `price`, `status`, `concert_id`, `concert_date`) values (67, 'A7', 100, 'AVAILABLE', 3, '2024-05-06');
insert into `seats` (`id`, `number`, `price`, `status`, `concert_id`, `concert_date`) values (68, 'A8', 100, 'AVAILABLE', 3, '2024-05-06');
insert into `seats` (`id`, `number`, `price`, `status`, `concert_id`, `concert_date`) values (69, 'A9', 100, 'AVAILABLE', 3, '2024-05-06');
insert into `seats` (`id`, `number`, `price`, `status`, `concert_id`, `concert_date`) values (70, 'A10', 100, 'AVAILABLE', 3, '2024-05-06');

insert into `seats` (`id`, `number`, `price`, `status`, `concert_id`, `concert_date`) values (71, 'B1', 100, 'AVAILABLE', 3, '2024-05-06');
insert into `seats` (`id`, `number`, `price`, `status`, `concert_id`, `concert_date`) values (72, 'B2', 100, 'AVAILABLE', 3, '2024-05-06');
insert into `seats` (`id`, `number`, `price`, `status`, `concert_id`, `concert_date`) values (73, 'B3', 100, 'AVAILABLE', 3, '2024-05-06');
insert into `seats` (`id`, `number`, `price`, `status`, `concert_id`, `concert_date`) values (74, 'B4', 100, 'AVAILABLE', 3, '2024-05-06');
insert into `seats` (`id`, `number`, `price`, `status`, `concert_id`, `concert_date`) values (75, 'B5', 100, 'AVAILABLE', 3, '2024-05-06');
insert into `seats` (`id`, `number`, `price`, `status`, `concert_id`, `concert_date`) values (76, 'B6', 100, 'AVAILABLE', 3, '2024-05-06');
insert into `seats` (`id`, `number`, `price`, `status`, `concert_id`, `concert_date`) values (77, 'B7', 100, 'RESERVED', 3, '2024-05-06');
insert into `seats` (`id`, `number`, `price`, `status`, `concert_id`, `concert_date`) values (78, 'B8', 100, 'AVAILABLE', 3, '2024-05-06');
insert into `seats` (`id`, `number`, `price`, `status`, `concert_id`, `concert_date`) values (79, 'B9', 100, 'AVAILABLE', 3, '2024-05-06');
insert into `seats` (`id`, `number`, `price`, `status`, `concert_id`, `concert_date`) values (80, 'B10', 100, 'AVAILABLE', 3, '2024-05-06');

insert into `seats` (`id`, `number`, `price`, `status`, `concert_id`, `concert_date`) values (81, 'C1', 100, 'AVAILABLE', 3, '2024-05-06');
insert into `seats` (`id`, `number`, `price`, `status`, `concert_id`, `concert_date`) values (82, 'C2', 100, 'RESERVED', 3, '2024-05-06');
insert into `seats` (`id`, `number`, `price`, `status`, `concert_id`, `concert_date`) values (83, 'C3', 100, 'AVAILABLE', 3, '2024-05-06');
insert into `seats` (`id`, `number`, `price`, `status`, `concert_id`, `concert_date`) values (84, 'C4', 100, 'AVAILABLE', 3, '2024-05-06');
insert into `seats` (`id`, `number`, `price`, `status`, `concert_id`, `concert_date`) values (85, 'C5', 100, 'AVAILABLE', 3, '2024-05-06');
insert into `seats` (`id`, `number`, `price`, `status`, `concert_id`, `concert_date`) values (86, 'C6', 100, 'AVAILABLE', 3, '2024-05-06');
insert into `seats` (`id`, `number`, `price`, `status`, `concert_id`, `concert_date`) values (87, 'C7', 100, 'AVAILABLE', 3, '2024-05-06');
insert into `seats` (`id`, `number`, `price`, `status`, `concert_id`, `concert_date`) values (88, 'C8', 100, 'AVAILABLE', 3, '2024-05-06');
insert into `seats` (`id`, `number`, `price`, `status`, `concert_id`, `concert_date`) values (89, 'C9', 100, 'AVAILABLE', 3, '2024-05-06');
insert into `seats` (`id`, `number`, `price`, `status`, `concert_id`, `concert_date`) values (90, 'C10', 100, 'AVAILABLE', 3, '2024-05-06');